"","id","name","terminalName","lastCommWithServer","lat","long","installed","locked","installDate","removalDate","temporary","public","nbBikes","nbEmptyDocks","latestUpdateTime","station"
"1","1","20th & Bell St","31000","1425636083982","38.8561","-77.0512","true","false","0","","false","true","8","3","1425636083982","20th & Bell St (31000)"
"2","2","18th & Eads St.","31001","1425636081868","38.85725","-77.05332","true","false","0","","false","true","3","8","1425636081868","18th & Eads St. (31001)"
"3","3","20th & Crystal Dr","31002","1425636064078","38.8564","-77.0492","true","false","0","","false","true","9","6","1425636064078","20th & Crystal Dr (31002)"
"4","4","15th & Crystal Dr","31003","1425649265191","38.86017","-77.049593","true","false","0","","false","true","6","4","1425649265191","15th & Crystal Dr (31003)"
"5","5","Aurora Hills Community Ctr/18th & Hayes St","31004","1425659756621","38.857866","-77.05949","true","false","0","","false","true","8","3","1425659756621","Aurora Hills Community Ctr/18th & Hayes St (31004)"
"6","6","Pentagon City Metro / 12th & S Hayes St","31005","1425659510191","38.862303","-77.059936","true","false","0","","false","true","2","17","1425659510191","Pentagon City Metro / 12th & S Hayes St (31005)"
"7","7","S Joyce & Army Navy Dr","31006","1425636243114","38.8637","-77.0633","true","false","0","","false","true","4","7","1425636243114","S Joyce & Army Navy Dr (31006)"
"8","8","Crystal City Metro / 18th & Bell St","31007","1425663886677","38.8573","-77.0511","true","false","0","","false","true","4","12","1425663886677","Crystal City Metro / 18th & Bell St (31007)"
"9","9","12th & Army Navy Dr","31008","1425662453601","38.8629","-77.0528","true","false","0","","false","true","4","7","1425662453601","12th & Army Navy Dr (31008)"
"10","10","27th & Crystal Dr","31009","1425663002492","38.848441","-77.051516","true","false","0","","false","true","5","13","1425663002492","27th & Crystal Dr (31009)"
"11","11","S Glebe & Potomac Ave","31010","1425636191004","38.8426","-77.0502","true","false","0","","false","true","5","6","1425636191004","S Glebe & Potomac Ave (31010)"
"12","12","23rd & Crystal Dr","31011","1425636065834","38.8533","-77.0498","true","false","0","","false","true","16","1","1425636065834","23rd & Crystal Dr (31011)"
"13","13","26th & S Clark St","31012","1425636141590","38.850688","-77.05152","true","false","0","","false","true","6","5","1425636141590","26th & S Clark St (31012)"
"14","14","19th St & Pennsylvania Ave NW","31100","1425663110931","38.9003","-77.0429","true","false","0","","false","true","9","5","1425663110931","19th St & Pennsylvania Ave NW (31100)"
"15","15","14th & V St NW","31101","1425660086057","38.9176","-77.0321","true","false","0","","false","true","15","9","1425660086057","14th & V St NW (31101)"
"16","16","11th & Kenyon St NW","31102","1425661695879","38.929464","-77.027822","true","false","0","","false","true","7","20","1425661695879","11th & Kenyon St NW (31102)"
"17","17","16th & Harvard St NW","31103","1425662820867","38.926088","-77.036536","true","false","0","","false","true","19","14","1425662820867","16th & Harvard St NW (31103)"
"18","18","Adams Mill & Columbia Rd NW","31104","1425659440391","38.922925","-77.042581","true","false","0","","false","true","1","14","1425659440391","Adams Mill & Columbia Rd NW (31104)"
"19","19","14th & Harvard St NW","31105","1425664038553","38.9268","-77.0322","true","false","0","","false","true","9","9","1425664038553","14th & Harvard St NW (31105)"
"20","20","Calvert & Biltmore St NW","31106","1425658695449","38.923203","-77.047637","true","false","0","","false","true","9","12","1425658695449","Calvert & Biltmore St NW (31106)"
"21","21","Lamont & Mt Pleasant NW","31107","1425662636825","38.9319","-77.0388","true","false","0","","false","true","1","18","1425662636825","Lamont & Mt Pleasant NW (31107)"
"22","22","4th & M St SW","31108","1425661278296","38.8767","-77.0178","true","false","0","","false","true","1","22","1425661278296","4th & M St SW (31108)"
"23","23","15th & P St NW","31201","1425663817379","38.90985","-77.034438","true","false","0","","false","true","7","10","1425663817379","15th & P St NW (31201)"
"24","24","14th & R St NW","31202","1425662382067","38.912682","-77.031681","true","false","0","","false","true","2","13","1425662382067","14th & R St NW (31202)"
"25","25","14th & Rhode Island Ave NW","31203","1425662630803","38.9086","-77.0323","true","false","0","","false","true","2","21","1425662630803","14th & Rhode Island Ave NW (31203)"
"26","26","20th & E St NW","31204","1425662107386","38.8963","-77.045","true","false","0","","false","true","7","7","1425662107386","20th & E St NW (31204)"
"27","27","21st & I St NW","31205","1425656227233","38.9008","-77.047","true","false","0","","false","true","11","24","1425656227233","21st & I St NW (31205)"
"28","28","Georgia & New Hampshire Ave NW","31400","1425655495247","38.936043","-77.024649","true","false","0","","false","true","1","14","1425655495247","Georgia & New Hampshire Ave NW (31400)"
"29","29","14th St & Spring Rd NW","31401","1425641309467","38.9375","-77.0328","true","false","0","","false","true","8","3","1425641309467","14th St & Spring Rd NW (31401)"
"30","30","John McCormack Dr & Michigan Ave NE","31502","1425658726121","38.9346","-76.9955","true","false","0","","false","true","7","4","1425658726121","John McCormack Dr & Michigan Ave NE (31502)"
"31","31","5th & K St NW","31600","1425655316193","38.90304","-77.019027","true","false","0","","false","true","4","14","1425655316193","5th & K St NW (31600)"
"32","32","19th & East Capitol St SE","31601","1425662050334","38.8896","-76.9769","true","false","0","","false","true","8","6","1425662050334","19th & East Capitol St SE (31601)"
"33","33","Park Rd & Holmead Pl NW","31602","1425653606599","38.9308","-77.0315","true","false","0","","false","true","7","11","1425653606599","Park Rd & Holmead Pl NW (31602)"
"34","34","Good Hope & Naylor Rd SE","31700","1425662978607","38.8601","-76.9672","true","false","0","","false","true","5","6","1425662978607","Good Hope & Naylor Rd SE (31700)"
"35","35","Connecticut Ave & Newark St NW / Cleveland Park","31305","1425636143003","38.934267","-77.057979","true","false","0","","false","true","8","3","1425636143003","Connecticut Ave & Newark St NW / Cleveland Park (31305)"
"36","36","Randle Circle & Minnesota Ave SE","31702","1425636017413","38.878","-76.9607","true","false","0","","false","true","6","5","1425636017413","Randle Circle & Minnesota Ave SE (31702)"
"37","37","Minnesota Ave Metro/DOES","31703","1425636085827","38.897063","-76.947446","true","false","0","","false","true","4","7","1425636085827","Minnesota Ave Metro/DOES (31703)"
"38","38","Nannie Helen Burroughs & Minnesota Ave NE","31704","1425636070605","38.901385","-76.941877","true","false","0","","false","true","4","7","1425636070605","Nannie Helen Burroughs & Minnesota Ave NE (31704)"
"39","39","Anacostia Metro","31801","1425655893830","38.862669","-76.994637","true","false","0","","false","true","3","8","1425655893830","Anacostia Metro (31801)"
"40","40","Good Hope Rd & MLK Ave SE","31802","1425656202638","38.867373","-76.988039","true","false","0","","false","true","6","5","1425656202638","Good Hope Rd & MLK Ave SE (31802)"
"41","41","19th & E Street NW","31206","1425660874314","38.8952","-77.0436","true","false","0","","false","true","5","6","1425660874314","19th & E Street NW (31206)"
"42","42","4th & W St NE","31500","1425662988880","38.919077","-77.000648","true","false","0","","false","true","9","5","1425662988880","4th & W St NE (31500)"
"43","43","10th & U St NW","31111","1425659909196","38.9172","-77.0259","true","false","0","","false","true","13","2","1425659909196","10th & U St NW (31111)"
"44","44","Georgia Ave and Fairmont St NW","31207","1425662683439","38.9249","-77.0222","true","false","0","","false","true","9","1","1425662683439","Georgia Ave and Fairmont St NW (31207)"
"45","45","1st & N St  SE","31209","1425636130775","38.8743","-77.0057","true","false","0","","false","true","32","7","1425636130775","1st & N St  SE (31209)"
"46","46","20th St & Florida Ave NW","31110","1425663786140","38.9154","-77.0446","true","false","0","","false","true","10","2","1425663786140","20th St & Florida Ave NW (31110)"
"47","47","7th & T St NW","31109","1425654781214","38.9155","-77.0222","true","false","0","","false","true","10","4","1425654781214","7th & T St NW (31109)"
"48","48","23rd & Eads St","31013","1425647056929","38.853531","-77.053509","true","false","0","","false","true","1","14","1425647056929","23rd & Eads St (31013)"
"49","49","M St & New Jersey Ave SE","31208","1425654768240","38.8763","-77.0037","true","false","0","","false","true","12","4","1425654768240","M St & New Jersey Ave SE (31208)"
"50","51","Massachusetts Ave & Dupont Circle NW","31200","1425662986904","38.9101","-77.0444","true","false","0","","false","true","27","16","1425662986904","Massachusetts Ave & Dupont Circle NW (31200)"
"51","52","1st & M St NE","31603","1425662862613","38.9057","-77.0056","true","false","0","","false","true","2","12","1425662862613","1st & M St NE (31603)"
"52","53","21st & M St NW","31212","1425663447878","38.90534","-77.046774","true","false","0","","false","true","15","2","1425663447878","21st & M St NW (31212)"
"53","54","17th & K St NW","31213","1425661388412","38.90276","-77.03863","true","false","0","","false","true","9","12","1425661388412","17th & K St NW (31213)"
"54","55","3rd & H St NW","31604","1425650372396","38.899408","-77.015289","true","false","0","","false","true","3","10","1425650372396","3rd & H St NW (31604)"
"55","56","3rd & D St SE","31605","1425663889532","38.8851","-77.0023","true","false","0","","false","true","3","8","1425663889532","3rd & D St SE (31605)"
"56","57","Potomac & Pennsylvania Ave SE","31606","1425656700581","38.8803","-76.9862","true","false","0","","false","true","5","10","1425656700581","Potomac & Pennsylvania Ave SE (31606)"
"57","58","14th & D St SE","31607","1425656950046","38.884","-76.9861","true","false","0","","false","true","3","12","1425656950046","14th & D St SE (31607)"
"58","59","17th & Corcoran St NW","31214","1425663198196","38.9121","-77.0387","true","false","0","","false","true","6","12","1425663198196","17th & Corcoran St NW (31214)"
"59","60","Van Ness Metro / UDC","31300","1425636080164","38.944551","-77.063896","true","false","0","","false","true","2","12","1425636080164","Van Ness Metro / UDC (31300)"
"60","61","Florida Ave & R St NW","31503","1425662159769","38.9126","-77.0135","true","false","0","","false","true","2","13","1425662159769","Florida Ave & R St NW (31503)"
"61","62","8th & Eye St SE / Barracks Row","31608","1425636079506","38.8792","-76.9953","true","false","0","","false","true","6","5","1425636079506","8th & Eye St SE / Barracks Row (31608)"
"62","63","Ward Circle / American University","31301","1425636043454","38.938736","-77.087171","true","false","0","","false","true","8","7","1425636043454","Ward Circle / American University (31301)"
"63","64","Idaho Ave & Newark St NW [on 2nd District patio]","31302","1425654612579","38.934751","-77.074647","true","false","0","","false","true","4","9","1425654612579","Idaho Ave & Newark St NW [on 2nd District patio] (31302)"
"64","65","14th St Heights / 14th & Crittenden St NW","31402","1425651704487","38.947774","-77.032818","true","false","0","","false","true","1","10","1425651704487","14th St Heights / 14th & Crittenden St NW (31402)"
"65","66","Anacostia Library","31804","1425636241214","38.865784","-76.9784","true","false","0","","false","true","7","4","1425636241214","Anacostia Library (31804)"
"66","67","Pennsylvania & Minnesota Ave SE","31805","1425636188477","38.873057","-76.971015","true","false","0","","false","true","8","3","1425636188477","Pennsylvania & Minnesota Ave SE (31805)"
"67","68","Eastern Market / 7th & North Carolina Ave SE","31610","1425660212865","38.886952","-76.996806","true","false","0","","false","true","12","3","1425660212865","Eastern Market / 7th & North Carolina Ave SE (31610)"
"68","69","14th St & New York Ave NW","31216","1425662979976","38.899632","-77.031686","true","false","0","","false","true","11","10","1425662979976","14th St & New York Ave NW (31216)"
"69","70","Benning Branch Library","31705","1425663051169","38.894","-76.947974","true","false","0","","false","true","5","6","1425663051169","Benning Branch Library (31705)"
"70","71","USDA / 12th & Independence Ave SW","31217","1425663705138","38.887237","-77.028226","true","false","0","","false","true","6","33","1425663705138","USDA / 12th & Independence Ave SW (31217)"
"71","72","Georgetown Harbor / 30th St NW","31215","1425663439512","38.9022212","-77.059219","true","false","0","","false","true","13","6","1425663439512","Georgetown Harbor / 30th St NW (31215)"
"72","73","12th & Newton St NE","31501","1425660448033","38.933668","-76.991016","true","false","0","","false","true","8","3","1425660448033","12th & Newton St NE (31501)"
"73","74","US Dept of State / Virginia Ave & 21st St NW","31220","1425663445357","38.894919","-77.046587","true","false","0","","false","true","14","1","1425663445357","US Dept of State / Virginia Ave & 21st St NW (31220)"
"74","75","L'Enfant Plaza / 7th & C St SW","31218","1425657702233","38.886266","-77.022241","true","false","0","","false","true","8","5","1425657702233","L'Enfant Plaza / 7th & C St SW (31218)"
"75","76","10th St & Constitution Ave NW","31219","1425651581151","38.893028","-77.026013","true","false","0","","false","true","9","22","1425651581151","10th St & Constitution Ave NW (31219)"
"76","77","Kennedy Center","31211","1425636069537","38.895184","-77.054845","true","false","0","","false","true","5","6","1425636069537","Kennedy Center (31211)"
"77","78","Eastern Market Metro / Pennsylvania Ave & 7th St SE","31613","1425657922932","38.884","-76.995397","true","false","0","","false","true","3","15","1425657922932","Eastern Market Metro / Pennsylvania Ave & 7th St SE (31613)"
"78","79","18th & M St NW","31221","1425663024242","38.904742","-77.041606","true","false","0","","false","true","15","3","1425663024242","18th & M St NW (31221)"
"79","80","Tenleytown / Wisconsin Ave & Albemarle St NW","31303","1425663007771","38.947607","-77.079382","true","false","0","","false","true","6","9","1425663007771","Tenleytown / Wisconsin Ave & Albemarle St NW (31303)"
"80","81","13th & H St NE","31611","1425661845327","38.9003","-76.9882","true","false","0","","false","true","10","17","1425661845327","13th & H St NE (31611)"
"81","82","5th & F St NW","31620","1425658980659","38.897222","-77.019347","true","false","0","","false","true","16","14","1425658980659","5th & F St NW (31620)"
"82","83","New York Ave & 15th St NW","31222","1425655624665","38.8991","-77.0337","true","false","0","","false","true","12","7","1425655624665","New York Ave & 15th St NW (31222)"
"83","84","Convention Center / 7th & M St NW","31223","1425663765742","38.90572","-77.022264","true","false","0","","false","true","1","18","1425663765742","Convention Center / 7th & M St NW (31223)"
"84","85","Harvard St & Adams Mill Rd NW","31112","1425639755839","38.927872","-77.043358","true","false","0","","false","true","11","4","1425639755839","Harvard St & Adams Mill Rd NW (31112)"
"85","86","19th & L St NW","31224","1425662665980","38.903407","-77.043648","true","false","0","","false","true","12","3","1425662665980","19th & L St NW (31224)"
"86","87","C & O Canal & Wisconsin Ave NW","31225","1425663784464","38.90375","-77.06269","true","false","0","","false","true","14","9","1425663784464","C & O Canal & Wisconsin Ave NW (31225)"
"87","88","6th & Water St SW / SW Waterfront","31609","1425636166967","38.87675","-77.02127","true","false","0","","false","true","12","7","1425636166967","6th & Water St SW / SW Waterfront (31609)"
"88","89","D St & Maryland Ave NE","31612","1425658853302","38.894758","-76.997114","true","false","0","","false","true","2","21","1425658853302","D St & Maryland Ave NE (31612)"
"89","90","34th St & Wisconsin Ave NW","31226","1425636050038","38.916442","-77.0682","true","false","0","","false","true","9","2","1425636050038","34th St & Wisconsin Ave NW (31226)"
"90","91","13th St & New York Ave NW","31227","1425663357710","38.900283","-77.029822","true","false","0","","false","true","11","11","1425663357710","13th St & New York Ave NW (31227)"
"91","92","8th & H St NW","31228","1425664011071","38.8997","-77.023086","true","false","0","","false","true","22","10","1425664011071","8th & H St NW (31228)"
"92","93","10th & Monroe St NE","31504","1425659616526","38.932514","-76.992889","true","false","0","","false","true","6","5","1425659616526","10th & Monroe St NE (31504)"
"93","94","Eckington Pl & Q St NE","31505","1425654014090","38.910972","-77.00495","true","false","0","","false","true","3","8","1425654014090","Eckington Pl & Q St NE (31505)"
"94","95","6th & H St NE","31615","1425660750555","38.899972","-76.998347","true","false","0","","false","true","22","0","1425660750555","6th & H St NE (31615)"
"95","96","3rd & H St NE","31616","1425659189806","38.900412","-77.001949","true","false","0","","false","true","4","15","1425659189806","3rd & H St NE (31616)"
"96","97","Bladensburg Rd & Benning Rd NE","31617","1425655561125","38.900413","-76.982872","true","false","0","","false","true","5","10","1425655561125","Bladensburg Rd & Benning Rd NE (31617)"
"97","98","4th & East Capitol St NE","31618","1425662998793","38.889955","-77.000349","true","false","0","","false","true","2","9","1425662998793","4th & East Capitol St NE (31618)"
"98","99","Lincoln Park / 13th & East Capitol St NE ","31619","1425657856200","38.890461","-76.988355","true","false","0","","false","true","5","20","1425657856200","Lincoln Park / 13th & East Capitol St NE  (31619)"
"99","100","Branch & Pennsylvania Ave SE","31701","1425662765162","38.8692","-76.9599","true","false","0","","false","true","8","3","1425662765162","Branch & Pennsylvania Ave SE (31701)"
"100","101","13th & D St NE","31622","1425663532755","38.894832","-76.987633","true","false","0","","false","true","7","24","1425663532755","13th & D St NE (31622)"
"101","102","New Hampshire Ave & T St NW","31229","1425661435349","38.91554","-77.03818","true","false","0","","false","true","1","20","1425661435349","New Hampshire Ave & T St NW (31229)"
"102","103","Metro Center / 12th & G St NW","31230","1425661533708","38.898364","-77.027869","true","false","0","","false","true","11","20","1425661533708","Metro Center / 12th & G St NW (31230)"
"103","104","14th & D St NW / Ronald Reagan Building","31231","1425658167452","38.894514","-77.031617","true","false","0","","false","true","14","9","1425658167452","14th & D St NW / Ronald Reagan Building (31231)"
"104","105","7th & F St NW / National Portrait Gallery","31232","1425662130093","38.897324","-77.022322","true","false","0","","false","true","6","20","1425662130093","7th & F St NW / National Portrait Gallery (31232)"
"105","106","17th & K St NW / Farragut Square","31233","1425663114082","38.902061","-77.038322","true","false","0","","false","true","19","11","1425663114082","17th & K St NW / Farragut Square (31233)"
"106","107","20th & O St NW / Dupont South","31234","1425663952265","38.908905","-77.04478","true","false","0","","false","true","12","6","1425663952265","20th & O St NW / Dupont South (31234)"
"107","108","4th & D St NW / Judiciary Square","31621","1425661793636","38.895344","-77.016106","true","false","0","","false","true","9","6","1425661793636","4th & D St NW / Judiciary Square (31621)"
"108","109","19th St & Constitution Ave NW","31235","1425662797878","38.8923","-77.0436","true","false","0","","false","true","21","12","1425662797878","19th St & Constitution Ave NW (31235)"
"109","110","37th & O St NW / Georgetown University","31236","1425654213508","38.90774","-77.071652","true","false","0","","false","true","3","20","1425654213508","37th & O St NW / Georgetown University (31236)"
"110","111","11th & H St NE","31614","1425655177989","38.899983","-76.991383","true","false","0","","false","true","12","7","1425655177989","11th & H St NE (31614)"
"111","112","25th St & Pennsylvania Ave NW","31237","1425658543742","38.903827","-77.053485","true","false","0","","false","true","7","7","1425658543742","25th St & Pennsylvania Ave NW (31237)"
"112","113","Columbus Circle / Union Station","31623","1425663380408","38.89696","-77.00493","true","false","0","","false","true","15","23","1425663380408","Columbus Circle / Union Station (31623)"
"113","114","North Capitol St & F St NW","31624","1425660856764","38.897446","-77.009888","true","false","0","","false","true","13","7","1425660856764","North Capitol St & F St NW (31624)"
"114","115","11th & M St NW","31266","1425659171481","38.905607","-77.027137","true","false","0","","false","true","5","13","1425659171481","11th & M St NW (31266)"
"115","116","36th & Calvert St NW / Glover Park","31304","1425636053778","38.922581","-77.070334","true","false","0","","false","true","7","8","1425636053778","36th & Calvert St NW / Glover Park (31304)"
"116","117","14th & G St NW","31238","1425662216505","38.898069","-77.031823","true","false","0","","false","true","6","16","1425662216505","14th & G St NW (31238)"
"117","118","Potomac Ave & 35th St S","31052","1425636238231","38.844015","-77.050537","true","false","0","","false","true","6","17","1425636238231","Potomac Ave & 35th St S (31052)"
"118","124","Ohio Dr & West Basin Dr SW / MLK & FDR Memorials","31240","1425657395825","38.88412","-77.04657","true","false","0","","false","true","17","6","1425657395825","Ohio Dr & West Basin Dr SW / MLK & FDR Memorials (31240)"
"119","125","11th & F St NW","31262","1425661526157","38.897857","-77.026975","true","false","0","","false","true","10","4","1425661526157","11th & F St NW (31262)"
"120","126","23rd & E St NW ","31260","1425663537681","38.896104","-77.049882","true","false","0","","false","true","9","10","1425663537681","23rd & E St NW  (31260)"
"121","127","Lynn & 19th St North","31014","1425654491415","38.897315","-77.070993","true","false","0","","false","true","7","18","1425654491415","Lynn & 19th St North (31014)"
"122","128","Rosslyn Metro / Wilson Blvd & Ft Myer Dr","31015","1425636223508","38.8946","-77.072305","true","false","0","","false","true","2","13","1425636223508","Rosslyn Metro / Wilson Blvd & Ft Myer Dr (31015)"
"123","129","Clarendon Blvd & Pierce St","31016","1425636139362","38.893648","-77.076701","true","false","0","","false","true","1","10","1425636139362","Clarendon Blvd & Pierce St (31016)"
"124","130","Wilson Blvd & N Uhle St","31017","1425636106287","38.891696","-77.0846","true","false","0","","false","true","6","9","1425636106287","Wilson Blvd & N Uhle St (31017)"
"125","131","N Rhodes & 16th St N","31018","1425636141828","38.892164","-77.079375","true","false","0","","false","true","2","9","1425636141828","N Rhodes & 16th St N (31018)"
"126","132","Fairfax Village","31706","1425636231662","38.86559","-76.952103","true","false","0","","false","true","9","6","1425636231662","Fairfax Village (31706)"
"127","133","21st St & Constitution Ave NW","31261","1425658345218","38.892459","-77.046567","true","false","0","","false","true","7","7","1425658345218","21st St & Constitution Ave NW (31261)"
"128","134","Wilson Blvd & N Edgewood St","31019","1425636171642","38.889","-77.0925","true","false","0","","false","true","6","9","1425636171642","Wilson Blvd & N Edgewood St (31019)"
"129","135","Columbia Rd & Belmont St NW","31113","1425662003663","38.920669","-77.04368","true","false","0","","false","true","1","18","1425662003663","Columbia Rd & Belmont St NW (31113)"
"130","136","17th & Rhode Island Ave NW","31239","1425662999704","38.906602","-77.038785","true","false","0","","false","true","9","11","1425662999704","17th & Rhode Island Ave NW (31239)"
"131","137","Thomas Circle","31241","1425661479774","38.9059","-77.0325","true","false","0","","false","true","2","30","1425661479774","Thomas Circle (31241)"
"132","138","Wilson Blvd & Franklin Rd","31020","1425657101742","38.8904","-77.0889","true","false","0","","false","true","7","4","1425657101742","Wilson Blvd & Franklin Rd (31020)"
"133","139","Clarendon Blvd & N Fillmore St","31021","1425636117088","38.8881","-77.09308","true","false","0","","false","true","7","7","1425636117088","Clarendon Blvd & N Fillmore St (31021)"
"134","140","Clarendon Metro / Wilson Blvd & N Highland St","31022","1425652541894","38.88786","-77.094875","true","false","0","","false","true","6","11","1425652541894","Clarendon Metro / Wilson Blvd & N Highland St (31022)"
"135","141","18th St & Pennsylvania Ave NW","31242","1425663781530","38.89968","-77.041539","true","false","0","","false","true","12","12","1425663781530","18th St & Pennsylvania Ave NW (31242)"
"136","142","Maryland & Independence Ave SW","31243","1425660717553","38.887299","-77.018939","true","false","0","","false","true","4","35","1425660717553","Maryland & Independence Ave SW (31243)"
"137","143","4th & E St SW","31244","1425660411624","38.88412","-77.017445","true","false","0","","false","true","1","17","1425660411624","4th & E St SW (31244)"
"138","144","3rd & G St SE","31625","1425648262768","38.881185","-77.001828","true","false","0","","false","true","8","10","1425648262768","3rd & G St SE (31625)"
"139","145","7th & R St NW / Shaw Library","31245","1425654048544","38.912719","-77.022155","true","false","0","","false","true","0","15","1425654048544","7th & R St NW / Shaw Library (31245)"
"140","146","9th & Upshur St NW","31404","1425660682316","38.9418","-77.0251","true","false","0","","false","true","1","13","1425660682316","9th & Upshur St NW (31404)"
"141","147","1st & Rhode Island Ave NW","31506","1425663516479","38.915417","-77.012289","true","false","0","","false","true","7","7","1425663516479","1st & Rhode Island Ave NW (31506)"
"142","148","Columbia Rd & Georgia Ave NW","31115","1425664033241","38.928156","-77.02344","true","false","0","","false","true","4","14","1425664033241","Columbia Rd & Georgia Ave NW (31115)"
"143","149","California St & Florida Ave NW","31116","1425660883181","38.917761","-77.04062","true","false","0","","false","true","11","8","1425660883181","California St & Florida Ave NW (31116)"
"144","150","Benning Rd & East Capitol St NE / Benning Rd Metro","31707","1425636046248","38.889935","-76.93723","true","false","0","","false","true","10","9","1425636046248","Benning Rd & East Capitol St NE / Benning Rd Metro (31707)"
"145","151","3000 Connecticut Ave NW / National Zoo","31307","1425662883670","38.930282","-77.055599","true","false","0","","false","true","8","6","1425662883670","3000 Connecticut Ave NW / National Zoo (31307)"
"146","152","Anacostia Ave & Benning Rd NE / River Terrace ","31708","1425658938071","38.896544","-76.96012","true","false","0","","false","true","7","8","1425658938071","Anacostia Ave & Benning Rd NE / River Terrace  (31708)"
"147","153","M St & Pennsylvania Ave NW","31246","1425662927657","38.905126","-77.056887","true","false","0","","false","true","15","4","1425662927657","M St & Pennsylvania Ave NW (31246)"
"148","154","15th St & Massachusetts Ave SE","31626","1425663904642","38.88732","-76.983569","true","false","0","","false","true","7","8","1425663904642","15th St & Massachusetts Ave SE (31626)"
"149","155","Congress Heights Metro","31806","1425636222171","38.844711","-76.987823","true","false","0","","false","true","8","7","1425636222171","Congress Heights Metro (31806)"
"150","156","N Quincy St & Glebe Rd","31035","1425662965337","38.876393","-77.107735","true","false","0","","false","true","7","4","1425662965337","N Quincy St & Glebe Rd (31035)"
"151","157","Wilson Blvd & N Oakland St","31033","1425651511445","38.8815","-77.10396","true","false","0","","false","true","5","5","1425651511445","Wilson Blvd & N Oakland St (31033)"
"152","158","N Veitch  & 20th St N","31029","1425636218550","38.896923","-77.086502","true","false","0","","false","true","9","6","1425636218550","N Veitch  & 20th St N (31029)"
"153","159","11th & K St NW","31263","1425660939466","38.90268","-77.02674","true","false","0","","false","true","10","9","1425660939466","11th & K St NW (31263)"
"154","160","Fairfax Dr & Wilson Blvd","31023","1425636166567","38.885801","-77.097745","true","false","0","","false","true","7","4","1425636166567","Fairfax Dr & Wilson Blvd (31023)"
"155","161","Key Blvd & N Quinn St","31027","1425636075543","38.896015","-77.078107","true","false","0","","false","true","10","1","1425636075543","Key Blvd & N Quinn St (31027)"
"156","162","1st & K St SE","31628","1425664085299","38.87861","-77.006004","true","false","0","","false","true","2","12","1425664085299","1st & K St SE (31628)"
"157","163","39th & Calvert St NW / Stoddert","31306","1425636227225","38.922649","-77.077271","true","false","0","","false","true","8","10","1425636227225","39th & Calvert St NW / Stoddert (31306)"
"158","164","1st & Washington Hospital Center NW","31507","1425643026495","38.928743","-77.012457","true","false","0","","false","true","7","8","1425643026495","1st & Washington Hospital Center NW (31507)"
"159","165","Virginia Square Metro / N Monroe St & 9th St N","31024","1425636106143","38.882788","-77.103148","true","false","0","","false","true","4","13","1425636106143","Virginia Square Metro / N Monroe St & 9th St N (31024)"
"160","166","Central Library / N Quincy St & 10th St N","31025","1425636160434","38.88397","-77.10783","true","false","0","","false","true","5","6","1425636160434","Central Library / N Quincy St & 10th St N (31025)"
"161","167","Washington Blvd & 10th St N","31026","1425662975304","38.884734","-77.093485","true","false","0","","false","true","12","2","1425662975304","Washington Blvd & 10th St N (31026)"
"162","168","Jefferson Dr & 14th St SW","31247","1425661873535","38.888553","-77.032429","true","false","0","","false","true","11","12","1425661873535","Jefferson Dr & 14th St SW (31247)"
"163","169","Smithsonian / Jefferson Dr & 12th St SW","31248","1425636058425","38.888767","-77.02858","true","false","0","","false","true","9","11","1425636058425","Smithsonian / Jefferson Dr & 12th St SW (31248)"
"164","170","George Mason Dr & Wilson Blvd","31036","1425648350787","38.87887","-77.1207","true","false","0","","false","true","10","4","1425648350787","George Mason Dr & Wilson Blvd (31036)"
"165","171","6th St & Indiana Ave NW","31264","1425659503213","38.894573","-77.01994","true","false","0","","false","true","4","15","1425659503213","6th St & Indiana Ave NW (31264)"
"166","172","N Veitch & Key Blvd","31028","1425662399952","38.893241","-77.086045","true","false","0","","false","true","4","7","1425662399952","N Veitch & Key Blvd (31028)"
"167","173","N Adams St & Lee Hwy","31030","1425636062343","38.89593","-77.089006","true","false","0","","false","true","2","21","1425636062343","N Adams St & Lee Hwy (31030)"
"168","174","15th & N Scott St","31031","1425636237474","38.89054","-77.08095","true","false","0","","false","true","4","7","1425636237474","15th & N Scott St (31031)"
"169","175","Washington Blvd & 7th St N","31032","1425636136042","38.880834","-77.091129","true","false","0","","false","true","7","4","1425636136042","Washington Blvd & 7th St N (31032)"
"170","176","Ballston Metro / N Stuart & 9th St N","31037","1425649124375","38.881044","-77.111768","true","false","0","","false","true","8","11","1425649124375","Ballston Metro / N Stuart & 9th St N (31037)"
"171","177","N Randolph St & Fairfax Dr","31034","1425653573717","38.882629","-77.109366","true","false","0","","false","true","9","2","1425653573717","N Randolph St & Fairfax Dr (31034)"
"172","178","Jefferson Memorial","31249","1425636076328","38.879819","-77.037413","true","false","0","","false","true","20","3","1425636076328","Jefferson Memorial (31249)"
"173","179","Good Hope Rd & 14th St SE","31803","1425662038008","38.866611","-76.985238","true","false","0","","false","true","8","7","1425662038008","Good Hope Rd & 14th St SE (31803)"
"174","180","Glebe Rd & 11th St N","31038","1425636021174","38.883921","-77.116817","true","false","0","","false","true","6","5","1425636021174","Glebe Rd & 11th St N (31038)"
"175","181","N Quincy St & Wilson Blvd","31039","1425636041549","38.880151","-77.107673","true","false","0","","false","true","5","4","1425636041549","N Quincy St & Wilson Blvd (31039)"
"176","182","Fairfax Dr & Kenmore St","31040","1425636113818","38.884616","-77.10108","true","false","0","","false","true","8","3","1425636113818","Fairfax Dr & Kenmore St (31040)"
"177","183","Gallaudet / 8th St & Florida Ave NE","31508","1425656422048","38.90509","-76.9941","true","false","0","","false","true","4","15","1425656422048","Gallaudet / 8th St & Florida Ave NE (31508)"
"178","185","20th & L St NW","31250","1425656969621","38.903584","-77.044789","true","false","0","","false","true","18","1","1425656969621","20th & L St NW (31250)"
"179","186","12th & L St NW","31251","1425659615003","38.903819","-77.0284","true","false","0","","false","true","3","16","1425659615003","12th & L St NW (31251)"
"180","187","21st St & Pennsylvania Ave NW","31252","1425664097962","38.901539","-77.046564","true","false","0","","false","true","6","11","1425664097962","21st St & Pennsylvania Ave NW (31252)"
"181","188","19th & K St NW","31253","1425660961468","38.902204","-77.04337","true","false","0","","false","true","16","5","1425660961468","19th & K St NW (31253)"
"182","189","Prince St & Union St","31041","1425636144068","38.803124","-77.040363","true","false","0","","false","true","7","12","1425636144068","Prince St & Union St (31041)"
"183","190","Market Square / King St & Royal St","31042","1425636061410","38.804718","-77.043363","true","false","0","","false","true","4","10","1425636061410","Market Square / King St & Royal St (31042)"
"184","191","Saint Asaph St & Pendleton  St","31043","1425636186825","38.810743","-77.044664","true","false","0","","false","true","7","7","1425636186825","Saint Asaph St & Pendleton  St (31043)"
"185","192","King St & Patrick St","31044","1425649044433","38.805317","-77.049883","true","false","0","","false","true","7","7","1425649044433","King St & Patrick St (31044)"
"186","193","15th & K St NW","31254","1425663682237","38.902","-77.03353","true","false","0","","false","true","17","8","1425663682237","15th & K St NW (31254)"
"187","194","Commerce St & Fayette St","31045","1425650262061","38.805648","-77.05293","true","false","0","","false","true","12","3","1425650262061","Commerce St & Fayette St (31045)"
"188","195","Henry St & Pendleton St","31046","1425636023965","38.811456","-77.050276","true","false","0","","false","true","3","14","1425636023965","Henry St & Pendleton St (31046)"
"189","196","Braddock Rd Metro","31047","1425654507445","38.814577","-77.052808","true","false","0","","false","true","9","10","1425654507445","Braddock Rd Metro (31047)"
"190","197","King St Metro","31048","1425655411154","38.805767","-77.06072","true","false","0","","false","true","6","13","1425655411154","King St Metro (31048)"
"191","198","24th & N St NW","31255","1425662340891","38.9066","-77.05152","true","false","0","","false","true","5","10","1425662340891","24th & N St NW (31255)"
"192","199","10th & E St NW","31256","1425646114328","38.895914","-77.026064","true","false","0","","false","true","14","0","1425646114328","10th & E St NW (31256)"
"193","200","22nd & I St NW / Foggy Bottom","31257","1425655640635","38.90088","-77.048911","true","false","0","","false","true","1","13","1425655640635","22nd & I St NW / Foggy Bottom (31257)"
"194","201","Utah St & 11th St N ","31049","1425636065941","38.883669","-77.113905","true","false","0","","false","true","5","6","1425636065941","Utah St & 11th St N  (31049)"
"195","202","Barton St & 10th St N","31050","1425663069488","38.884961","-77.08777","true","false","0","","false","true","5","6","1425663069488","Barton St & 10th St N (31050)"
"196","203","Arlington Blvd & N Queen St","31051","1425646981942","38.889365","-77.077294","true","false","0","","false","true","7","4","1425646981942","Arlington Blvd & N Queen St (31051)"
"197","204","Lincoln Memorial","31258","1425658503515","38.888251","-77.049426","true","false","0","","false","true","19","6","1425658503515","Lincoln Memorial (31258)"
"198","206","20th St & Virginia Ave NW","31259","1425657544945","38.894722","-77.045128","true","false","0","","false","true","9","5","1425657544945","20th St & Virginia Ave NW (31259)"
"199","207","5th St & Massachusetts Ave NW","31265","1425662524096","38.90093","-77.018677","true","false","0","","false","true","6","10","1425662524096","5th St & Massachusetts Ave NW (31265)"
"200","208","39th & Veazey St NW","31308","1425636181704","38.943837","-77.077078","true","false","0","","false","true","13","2","1425636181704","39th & Veazey St NW (31308)"
"201","209","Fessenden St & Wisconsin Ave NW","31309","1425636101038","38.954812","-77.082426","true","false","0","","false","true","1","13","1425636101038","Fessenden St & Wisconsin Ave NW (31309)"
"202","210","M St & Delaware Ave NE","31627","1425661533012","38.905707","-77.003041","true","false","0","","false","true","2","20","1425661533012","M St & Delaware Ave NE (31627)"
"203","211","Columbia Pike & S Courthouse Rd","31053","1425636121484","38.863833","-77.080319","true","false","0","","false","true","6","9","1425636121484","Columbia Pike & S Courthouse Rd (31053)"
"204","212","Walter Reed Community Center / Walter Reed Dr & 16th St S","31054","1425636060224","38.857803","-77.086733","true","false","0","","false","true","8","3","1425636060224","Walter Reed Community Center / Walter Reed Dr & 16th St S (31054)"
"205","213","28th St S & S Meade St","31055","1425636246425","38.846222","-77.069275","true","false","0","","false","true","8","7","1425636246425","28th St S & S Meade St (31055)"
"206","214","18th St & Wyoming Ave NW","31114","1425661065948","38.918809","-77.041571","true","false","0","","false","true","5","17","1425661065948","18th St & Wyoming Ave NW (31114)"
"207","215","5th & Kennedy St NW","31403","1425636224169","38.956595","-77.019815","true","false","0","","false","true","13","2","1425636224169","5th & Kennedy St NW (31403)"
"208","216","Georgia Ave & Emerson St NW","31405","1425656215234","38.949662","-77.027333","true","false","0","","false","true","10","9","1425656215234","Georgia Ave & Emerson St NW (31405)"
"209","217","14th & Upshur St NW","31406","1425652175637","38.942016","-77.032652","true","false","0","","false","true","3","16","1425652175637","14th & Upshur St NW (31406)"
"210","218","14th St & Colorado Ave NW","31407","1425656652152","38.956432","-77.032947","true","false","0","","false","true","18","1","1425656652152","14th St & Colorado Ave NW (31407)"
"211","219","S Troy St & 26th St S","31056","1425636206428","38.847977","-77.075104","true","false","0","","false","true","8","3","1425636206428","S Troy St & 26th St S (31056)"
"212","220","S Four Mile Run Dr & S Shirlington Rd","31057","1425636079087","38.8444","-77.085931","true","false","0","","false","true","6","5","1425636079087","S Four Mile Run Dr & S Shirlington Rd (31057)"
"213","221","S Oakland St & Columbia Pike","31058","1425636250814","38.860789","-77.09586","true","false","0","","false","true","5","6","1425636250814","S Oakland St & Columbia Pike (31058)"
"214","222","S Abingdon St & 36th St S","31059","1425636132342","38.835213","-77.094295","true","false","0","","false","true","5","6","1425636132342","S Abingdon St & 36th St S (31059)"
"215","223","S Arlington Mill Dr & Campbell Ave","31060","1425636122618","38.84232","-77.089555","true","false","0","","false","true","12","3","1425636122618","S Arlington Mill Dr & Campbell Ave (31060)"
"216","224","S Kenmore & 24th St S","31061","1425636071798","38.848454","-77.084918","true","false","0","","false","true","5","6","1425636071798","S Kenmore & 24th St S (31061)"
"217","225","13th St & Eastern Ave","32006","1425636057772","38.987","-77.029417","true","false","0","","false","true","10","5","1425636057772","13th St & Eastern Ave (32006)"
"218","226","Wisconsin Ave & O St NW","31312","1425661416326","38.90849","-77.063586","true","false","0","","false","true","12","7","1425661416326","Wisconsin Ave & O St NW (31312)"
"219","227","S George Mason Dr & 13th St S","31062","1425636144868","38.854691","-77.100555","true","false","0","","false","true","7","4","1425636144868","S George Mason Dr & 13th St S (31062)"
"220","228","Connecticut & Nebraska Ave NW","31310","1425660520624","38.955016","-77.069956","true","false","0","","false","true","7","16","1425660520624","Connecticut & Nebraska Ave NW (31310)"
"221","229","17th St & Massachusetts Ave NW","31267","1425662869442","38.908142","-77.038359","true","false","0","","false","true","6","13","1425662869442","17th St & Massachusetts Ave NW (31267)"
"222","230","15th & Euclid St  NW","31117","1425663054170","38.92333","-77.0352","true","false","0","","false","true","0","15","1425663054170","15th & Euclid St  NW (31117)"
"223","231","8th & East Capitol St NE","31629","1425663574358","38.889988","-76.995193","true","false","0","","false","true","3","8","1425663574358","8th & East Capitol St NE (31629)"
"224","232","New Jersey Ave & R St NW","31509","1425663596592","38.912659","-77.017669","true","false","0","","false","true","5","9","1425663596592","New Jersey Ave & R St NW (31509)"
"225","233","15th & East Capitol St NE","31630","1425654727830","38.889908","-76.983326","true","false","0","","false","true","4","7","1425654727830","15th & East Capitol St NE (31630)"
"226","234","8th & F St NE","31631","1425663600129","38.897274","-76.994749","true","false","0","","false","true","6","9","1425663600129","8th & F St NE (31631)"
"227","235","18th St & Rhode Island Ave NE","31510","1425664109168","38.927095","-76.978924","true","false","0","","false","true","6","9","1425664109168","18th St & Rhode Island Ave NE (31510)"
"228","236","15th & F St NE","31632","1425660687971","38.897195","-76.983575","true","false","0","","false","true","7","10","1425660687971","15th & F St NE (31632)"
"229","237","12th & Irving St NE","31511","1425662085900","38.928644","-76.990955","true","false","0","","false","true","7","8","1425662085900","12th & Irving St NE (31511)"
"230","238","34th St & Minnesota Ave SE","31709","1425636029057","38.884085","-76.957461","true","false","0","","false","true","7","4","1425636029057","34th St & Minnesota Ave SE (31709)"
"231","239","Alabama & MLK Ave SE","31800","1425636104010","38.843222","-76.999388","true","false","0","","false","true","7","4","1425636104010","Alabama & MLK Ave SE (31800)"
"232","240","Pleasant St & MLK Ave SE","31807","1425647490212","38.863897","-76.990037","true","false","0","","false","true","6","5","1425647490212","Pleasant St & MLK Ave SE (31807)"
"233","241","Neal St & Trinidad Ave NE","31512","1425663065802","38.903732","-76.987211","true","false","0","","false","true","11","3","1425663065802","Neal St & Trinidad Ave NE (31512)"
"234","242","12th & U St NW","31268","1425663819305","38.916787","-77.028139","true","false","0","","false","true","23","6","1425663819305","12th & U St NW (31268)"
"235","243","S George Mason Dr & Four Mile Run","31063","1425636053538","38.852248","-77.105022","true","false","0","","false","true","7","4","1425636053538","S George Mason Dr & Four Mile Run (31063)"
"236","244","S Stafford & 34th St S","31064","1425662935043","38.834108","-77.087323","true","false","0","","false","true","10","5","1425662935043","S Stafford & 34th St S (31064)"
"237","245","N Pershing Dr & Wayne St","31065","1425652717563","38.880705","-77.08596","true","false","0","","false","true","6","5","1425652717563","N Pershing Dr & Wayne St (31065)"
"238","246","Columbia Pike & S Orme St","31066","1425636068419","38.867262","-77.072315","true","false","0","","false","true","7","4","1425636068419","Columbia Pike & S Orme St (31066)"
"239","247","3rd St & Pennsylvania Ave SE","31269","1425658093468","38.887378","-77.001955","true","false","0","","false","true","7","8","1425658093468","3rd St & Pennsylvania Ave SE (31269)"
"240","248","8th & D St NW","31270","1425662979947","38.894851","-77.02324","true","false","0","","false","true","10","4","1425662979947","8th & D St NW (31270)"
"241","249","3rd & Elm St NW","31118","1425659169822","38.917622","-77.01597","true","false","0","","false","true","1","14","1425659169822","3rd & Elm St NW (31118)"
"242","250","Rhode Island Ave & V St NE","31513","1425653279411","38.918155","-77.004746","true","false","0","","false","true","0","19","1425653279411","Rhode Island Ave & V St NE (31513)"
"243","251","Constitution Ave & 2nd St NW/DOL","31271","1425651409847","38.892275","-77.013917","true","false","0","","false","true","26","0","1425651409847","Constitution Ave & 2nd St NW/DOL (31271)"
"244","252","Washington & Independence Ave SW/HHS","31272","1425661528184","38.88731","-77.01397","true","false","0","","false","true","14","11","1425661528184","Washington & Independence Ave SW/HHS (31272)"
"245","253","Independence Ave & L'Enfant Plaza SW/DOE","31633","1425647258542","38.887312","-77.025762","true","false","0","","false","true","3","12","1425647258542","Independence Ave & L'Enfant Plaza SW/DOE (31633)"
"246","254","Hamlin & 7th St NE","31514","1425636102595","38.927497","-76.997194","true","false","0","","false","true","7","8","1425636102595","Hamlin & 7th St NE (31514)"
"247","255","Columbia Pike & S Walter Reed Dr","31067","1425659792103","38.862478","-77.086599","true","false","0","","false","true","6","6","1425659792103","Columbia Pike & S Walter Reed Dr (31067)"
"248","256","Columbia Pike & S Dinwiddie St / Arlington Mill Community Center","31068","1425636085981","38.856319","-77.11153","true","false","0","","false","true","8","7","1425636085981","Columbia Pike & S Dinwiddie St / Arlington Mill Community Center (31068)"
"249","257","Pershing & N George Mason Dr","31069","1425636041690","38.871822","-77.107906","true","false","0","","false","true","7","4","1425636041690","Pershing & N George Mason Dr (31069)"
"250","258","Fenton St & New York Ave ","32001","1425636114540","38.985404","-77.023082","true","false","0","","false","true","7","8","1425636114540","Fenton St & New York Ave  (32001)"
"251","259","Bethesda Ave & Arlington Rd","32002","1425658684088","38.981103","-77.097426","true","false","0","","false","true","8","10","1425658684088","Bethesda Ave & Arlington Rd (32002)"
"252","260","Montgomery Ave & Waverly St ","32003","1425661610637","38.983838","-77.09221","true","false","0","","false","true","7","4","1425661610637","Montgomery Ave & Waverly St  (32003)"
"253","261","Fallsgrove Blvd & Fallsgrove Dr","32004","1425662973528","39.096312","-77.192672","true","false","0","","false","true","10","9","1425662973528","Fallsgrove Blvd & Fallsgrove Dr (32004)"
"254","262","Traville Gateway Dr & Gudelsky Dr","32005","1425636235490","39.093783","-77.202501","true","false","0","","false","true","9","10","1425636235490","Traville Gateway Dr & Gudelsky Dr (32005)"
"255","263","Norfolk Ave & Fairmont St","32000","1425636202819","38.988562","-77.096539","true","false","0","","false","true","8","3","1425636202819","Norfolk Ave & Fairmont St (32000)"
"256","264","E Montgomery Ave & Maryland Ave","32007","1425636179912","39.084125","-77.151291","true","false","0","","false","true","7","8","1425636179912","E Montgomery Ave & Maryland Ave (32007)"
"257","265","Cordell & Norfolk Ave","32008","1425654046547","38.98954","-77.098029","true","false","0","","false","true","7","4","1425654046547","Cordell & Norfolk Ave (32008)"
"258","266","Frederick Ave & Horners Ln","32009","1425663009206","39.094772","-77.145213","true","false","0","","false","true","4","7","1425663009206","Frederick Ave & Horners Ln (32009)"
"259","267","Philadelphia & Maple Ave","32010","1425662347900","38.98128","-77.011336","true","false","0","","false","true","11","4","1425662347900","Philadelphia & Maple Ave (32010)"
"260","268","Maple & Ritchie Ave","32011","1425636062000","38.983627","-77.006311","true","false","0","","false","true","12","7","1425636062000","Maple & Ritchie Ave (32011)"
"261","269","Silver Spring Metro/Colesville Rd & Wayne Ave","32012","1425636058440","38.99521","-77.02918","true","false","0","","false","true","9","10","1425636058440","Silver Spring Metro/Colesville Rd & Wayne Ave (32012)"
"262","270","Montgomery & East Ln","32013","1425636235171","38.983525","-77.095367","true","false","0","","false","true","7","4","1425636235171","Montgomery & East Ln (32013)"
"263","271","Friendship Hts Metro/Wisconsin Ave & Wisconsin Cir","32014","1425636128412","38.961763","-77.085998","true","false","0","","false","true","14","5","1425636128412","Friendship Hts Metro/Wisconsin Ave & Wisconsin Cir (32014)"
"264","272","14th & Belmont St NW","31119","1425661061319","38.921074","-77.031887","true","false","0","","false","true","0","14","1425661061319","14th & Belmont St NW (31119)"
"265","273","3rd & Tingey St SE","31634","1425645849919","38.87501","-77.0024","true","false","0","","false","true","15","4","1425645849919","3rd & Tingey St SE (31634)"
"266","274","10th & Florida Ave NW","31120","1425636136990","38.920387","-77.025672","true","false","0","","false","true","11","8","1425636136990","10th & Florida Ave NW (31120)"
"267","275","Potomac Ave & 8th St SE","31635","1425663013607","38.876737","-76.994468","true","false","0","","false","true","6","9","1425663013607","Potomac Ave & 8th St SE (31635)"
"268","276","Crabbs Branch Way & Redland Rd","32015","1425662874290","39.120045","-77.156985","true","false","0","","false","true","6","8","1425662874290","Crabbs Branch Way & Redland Rd (32015)"
"269","277","Fallsgrove Dr & W Montgomery Ave","32016","1425636027268","39.099376","-77.188014","true","false","0","","false","true","8","7","1425636027268","Fallsgrove Dr & W Montgomery Ave (32016)"
"270","278","Monroe St & Monroe Pl","32017","1425636236146","39.083705","-77.149443","true","false","0","","false","true","7","8","1425636236146","Monroe St & Monroe Pl (32017)"
"271","279","Needwood Rd & Eagles Head Ct","32018","1425658672138","39.123513","-77.15741","true","false","0","","false","true","7","8","1425658672138","Needwood Rd & Eagles Head Ct (32018)"
"272","280","East West Hwy & Blair Mill Rd","32019","1425636080227","38.990249","-77.02935","true","false","0","","false","true","9","6","1425636080227","East West Hwy & Blair Mill Rd (32019)"
"273","281","Crabbs Branch Way & Calhoun Pl","32020","1425636188875","39.107709","-77.152072","true","false","0","","false","true","8","7","1425636188875","Crabbs Branch Way & Calhoun Pl (32020)"
"274","282","47th & Elm St","32021","1425636181087","38.982456","-77.091991","true","false","0","","false","true","9","6","1425636181087","47th & Elm St (32021)"
"275","283","Garland Ave & Walden Rd","32022","1425636096737","39.000578","-77.00149","true","false","0","","false","true","10","5","1425636096737","Garland Ave & Walden Rd (32022)"
"276","284","Montgomery College/W Campus Dr & Mannakee St","32023","1425636199710","39.095661","-77.159048","true","false","0","","false","true","9","12","1425636199710","Montgomery College/W Campus Dr & Mannakee St (32023)"
"277","285","Fenton St & Gist Ave","32024","1425636250429","38.989724","-77.023854","true","false","0","","false","true","7","4","1425636250429","Fenton St & Gist Ave (32024)"
"278","286","Carroll & Westmoreland Ave","32025","1425636135808","38.975","-77.01121","true","false","0","","false","true","9","6","1425636135808","Carroll & Westmoreland Ave (32025)"
"279","287","Carroll & Ethan Allen Ave","32026","1425650719279","38.977933","-77.006472","true","false","0","","false","true","7","8","1425650719279","Carroll & Ethan Allen Ave (32026)"
"280","288","Battery Ln & Trolley Trail","32027","1425636089377","38.992375","-77.100104","true","false","0","","false","true","10","5","1425636089377","Battery Ln & Trolley Trail (32027)"
"281","289","Norfolk & Rugby Ave","32028","1425636179505","38.990639","-77.100239","true","false","0","","false","true","7","4","1425636179505","Norfolk & Rugby Ave (32028)"
"282","290","Offutt Ln & Chevy Chase Dr","32029","1425655565556","38.977093","-77.094589","true","false","0","","false","true","4","7","1425655565556","Offutt Ln & Chevy Chase Dr (32029)"
"283","291","Broschart & Blackwell Rd","32030","1425636040485","39.102099","-77.200322","true","false","0","","false","true","9","6","1425636040485","Broschart & Blackwell Rd (32030)"
"284","292","Taft St & E Gude Dr","32031","1425636037059","39.094103","-77.132954","true","false","0","","false","true","8","7","1425636037059","Taft St & E Gude Dr (32031)"
"285","293","Fleet St & Ritchie Pkwy","32032","1425636017439","39.076331","-77.141378","true","false","0","","false","true","8","7","1425636017439","Fleet St & Ritchie Pkwy (32032)"
"286","294","Piccard & W Gude Dr","32033","1425636027695","39.102212","-77.177091","true","false","0","","false","true","10","9","1425636027695","Piccard & W Gude Dr (32033)"
"287","295","Ripley & Bonifant St","32034","1425636084927","38.992679","-77.029457","true","false","0","","false","true","9","6","1425636084927","Ripley & Bonifant St (32034)"
"288","296","Georgia Ave & Spring St","32035","1425636184683","38.999388","-77.031555","true","false","0","","false","true","5","5","1425636184683","Georgia Ave & Spring St (32035)"
"289","297","Fenton St & Ellsworth Dr ","32036","1425663247202","38.997033","-77.025608","true","false","0","","false","true","9","5","1425663247202","Fenton St & Ellsworth Dr  (32036)"
"290","298","King Farm Blvd & Pleasant Dr","32037","1425636085679","39.114688","-77.171487","true","false","0","","false","true","9","9","1425636085679","King Farm Blvd & Pleasant Dr (32037)"
"291","299","King Farm Blvd & Piccard Dr","32038","1425636197471","39.110314","-77.182669","true","false","0","","false","true","9","6","1425636197471","King Farm Blvd & Piccard Dr (32038)"
"292","301","Calvert St & Woodley Pl NW","31121","1425657069813","38.923583","-77.050046","true","false","0","","false","true","12","7","1425657069813","Calvert St & Woodley Pl NW (31121)"
"293","302","New Jersey Ave & N St NW/Dunbar HS","31636","1425657273807","38.90706","-77.015231","true","false","0","","false","true","3","16","1425657273807","New Jersey Ave & N St NW/Dunbar HS (31636)"
"294","303","Nannie Helen Burroughs Ave & 49th St NE","31710","1425636094133","38.898536","-76.931862","true","false","0","","false","true","5","6","1425636094133","Nannie Helen Burroughs Ave & 49th St NE (31710)"
"295","304","Deanwood Rec Center","31711","1425636206567","38.908473","-76.933099","true","false","0","","false","true","10","5","1425636206567","Deanwood Rec Center (31711)"
"296","305","Hains Point/Buckeye & Ohio Dr SW","31273","1425636120476","38.878433","-77.03023","true","false","0","","false","true","16","1","1425636120476","Hains Point/Buckeye & Ohio Dr SW (31273)"
"297","306","Arlington Blvd & Fillmore St","31070","1425647953457","38.873755","-77.089233","true","false","0","","false","true","9","2","1425647953457","Arlington Blvd & Fillmore St (31070)"
"298","307","Long Bridge Park/Long Bridge Dr & 6th St S","31071","1425636092069","38.86646","-77.04826","true","false","0","","false","true","1","14","1425636092069","Long Bridge Park/Long Bridge Dr & 6th St S (31071)"
"299","308","Old Georgetown Rd & Southwick St","32039","1425636197785","38.999634","-77.109647","true","false","0","","false","true","9","10","1425636197785","Old Georgetown Rd & Southwick St (32039)"
"300","309","Friendship Blvd & Willard Ave","32040","1425662896475","38.96115","-77.088659","true","false","0","","false","true","12","7","1425662896475","Friendship Blvd & Willard Ave (32040)"
"301","310","North Capitol St & G Pl NE","31637","1425658902079","38.899703","-77.008911","true","false","0","","false","true","15","2","1425658902079","North Capitol St & G Pl NE (31637)"
"302","311","31st & Woodrow St S","31072","1425636161657","38.837666","-77.09482","true","false","0","","false","true","6","5","1425636161657","31st & Woodrow St S (31072)"
"303","312","Washington Blvd & Walter Reed Dr ","31073","1425636104384","38.873219","-77.082104","true","false","0","","false","true","10","5","1425636104384","Washington Blvd & Walter Reed Dr  (31073)"
"304","313","TJ Cmty Ctr / 2nd St & S Old Glebe Rd","31074","1425660602334","38.869418","-77.095596","true","false","0","","false","true","6","8","1425660602334","TJ Cmty Ctr / 2nd St & S Old Glebe Rd (31074)"
"305","314","Connecticut Ave & Tilden St NW","31313","1425636204641","38.941154","-77.062036","true","false","0","","false","true","7","8","1425636204641","Connecticut Ave & Tilden St NW (31313)"
"306","315","Medical Center Dr & Key West Ave","32041","1425658715677","39.103091","-77.196442","true","false","0","","false","true","9","6","1425658715677","Medical Center Dr & Key West Ave (32041)"
"307","316","Shady Grove Hospital","32042","1425636021620","39.097636","-77.196636","true","false","0","","false","true","10","9","1425636021620","Shady Grove Hospital (32042)"
"308","317","Veterans Pl & Pershing Dr ","32043","1425636188912","38.997445","-77.023894","true","false","0","","false","true","5","6","1425636188912","Veterans Pl & Pershing Dr  (32043)"
"309","318","Rockville Metro East","32044","1425636152430","39.085394","-77.145803","true","false","0","","false","true","10","3","1425636152430","Rockville Metro East (32044)"
"310","319","1st & H St NW","31638","1425661603873","38.900358","-77.012108","true","false","0","","false","true","8","7","1425661603873","1st & H St NW (31638)"
"311","320","Fort Totten Metro","31515","1425636024791","38.952369","-77.002721","true","false","0","","false","true","3","16","1425636024791","Fort Totten Metro (31515)"
"312","321","Takoma Metro","31408","1425651039567","38.975219","-77.016855","true","false","0","","false","true","13","6","1425651039567","Takoma Metro (31408)"
"313","322","Rhode Island Ave Metro","31516","1425658556651","38.920682","-76.995876","true","false","0","","false","true","3","16","1425658556651","Rhode Island Ave Metro (31516)"
"314","323","Rolfe St & 9th St S","31075","1425636061872","38.866471","-77.076131","true","false","0","","false","true","4","7","1425636061872","Rolfe St & 9th St S (31075)"
"315","324","Shirlington Transit Center / S Quincy & Randolph St","31076","1425636181788","38.839912","-77.087083","true","false","0","","false","true","9","5","1425636181788","Shirlington Transit Center / S Quincy & Randolph St (31076)"
"316","325","Shady Grove Metro West","32045","1425636010256","39.119765","-77.166093","true","false","0","","false","true","7","12","1425636010256","Shady Grove Metro West (32045)"
"317","326","River Rd & Landy Ln","32046","1425660242156","38.964992","-77.103381","true","false","0","","false","true","12","7","1425660242156","River Rd & Landy Ln (32046)"
"318","327","Rockville Metro West","32047","1425636102886","39.084379","-77.146866","true","false","0","","false","true","7","12","1425636102886","Rockville Metro West (32047)"
"319","328","Bethesda Metro","32048","1425656152015","38.984691","-77.094537","true","false","0","","false","true","10","2","1425656152015","Bethesda Metro (32048)"
"320","329","Iwo Jima Memorial/N Meade & 14th St N","31077","1425636024488","38.88992","-77.071301","true","false","0","","false","true","11","8","1425636024488","Iwo Jima Memorial/N Meade & 14th St N (31077)"
"321","330","34th & Water St NW","31314","1425636179275","38.903582","-77.067786","true","false","0","","false","true","12","6","1425636179275","34th & Water St NW (31314)"
"322","331","Duke St & John Carlyle St","31081","1425636048878","38.804378","-77.060866","true","false","0","","false","true","10","4","1425636048878","Duke St & John Carlyle St (31081)"
"323","332","Lee Hwy & N Cleveland St","31079","1425656895688","38.894941","-77.09169","true","false","0","","false","true","8","7","1425656895688","Lee Hwy & N Cleveland St (31079)"
"324","333","Arlington Blvd & S George Mason Dr/NFATC","31078","1425636090170","38.869442","-77.104503","true","false","0","","false","true","2","9","1425636090170","Arlington Blvd & S George Mason Dr/NFATC (31078)"
"325","334","MLK Library/9th & G St NW","31274","1425663032602","38.898404","-77.024281","true","false","0","","false","true","5","17","1425663032602","MLK Library/9th & G St NW (31274)"
"326","335","Lee Hwy & N Scott St","31080","1425660251667","38.897612","-77.080851","true","false","0","","false","true","6","8","1425660251667","Lee Hwy & N Scott St (31080)"
"327","336","New Hampshire Ave & 24th St NW","31275","1425655009524","38.901755","-77.051084","true","false","0","","false","true","14","5","1425655009524","New Hampshire Ave & 24th St NW (31275)"
"328","337","Eisenhower Ave & Mill Race Ln","31082","1425658761052","38.801111","-77.068952","true","false","0","","false","true","10","5","1425658761052","Eisenhower Ave & Mill Race Ln (31082)"
"329","338","Potomac Greens Dr & Slaters Ln","31083","1425636128127","38.82175","-77.047494","true","false","0","","false","true","5","5","1425636128127","Potomac Greens Dr & Slaters Ln (31083)"
"330","339","Ballenger Ave & Dulaney St","31084","1425636201121","38.802677","-77.063562","true","false","0","","false","true","11","8","1425636201121","Ballenger Ave & Dulaney St (31084)"
"331","340","Mount Vernon Ave & E Nelson Ave","31085","1425636123871","38.820064","-77.057619","true","false","0","","false","true","6","5","1425636123871","Mount Vernon Ave & E Nelson Ave (31085)"
"332","341","Mount Vernon Ave & E Del Ray Ave","31086","1425653975637","38.82595","-77.058541","true","false","0","","false","true","13","2","1425653975637","Mount Vernon Ave & E Del Ray Ave (31086)"
"333","342","Monroe Ave & Leslie Ave","31087","1425650775149","38.820932","-77.053096","true","false","0","","false","true","10","5","1425650775149","Monroe Ave & Leslie Ave (31087)"
"334","343","Mount Vernon Ave & Kennedy St","31088","1425636242403","38.833077","-77.059821","true","false","0","","false","true","7","8","1425636242403","Mount Vernon Ave & Kennedy St (31088)"
"335","344","Court House Metro / 15th & N Uhle St ","31089","1425658102396","38.890612","-77.084801","true","false","0","","false","true","8","13","1425658102396","Court House Metro / 15th & N Uhle St  (31089)"
"336","345","Washington Adventist U / Flower Ave & Division St","32049","1425636041419","38.986743","-77.000035","true","false","0","","false","true","6","8","1425636041419","Washington Adventist U / Flower Ave & Division St (32049)"
"337","346","6th & S Ball St","31090","1425658604123","38.864702","-77.048672","true","false","0","","false","true","8","6","1425658604123","6th & S Ball St (31090)"
"338","347","McKinley St & Connecticut Ave NW","31315","1425636210735","38.96497","-77.075946","true","false","0","","false","true","8","10","1425636210735","McKinley St & Connecticut Ave NW (31315)"
"339","348","15th & L St NW","31276","1425663539636","38.90381","-77.034931","true","false","0","","false","true","3","18","1425663539636","15th & L St NW (31276)"
"340","349","17th & G St NW","31277","1425663633355","38.89841","-77.039624","true","false","0","","false","true","11","20","1425663633355","17th & G St NW (31277)"
"341","350","Spring St & Second Ave","32050","1425636181868","38.997653","-77.034499","true","false","0","","false","true","10","5","1425636181868","Spring St & Second Ave (32050)"
"342","351","18th & R St NW","31278","1425660728252","38.912648","-77.041834","true","false","0","","false","true","6","13","1425660728252","18th & R St NW (31278)"
"343","352","S Joyce & 16th St S","31091","1425636217928","38.859254","-77.063275","true","false","0","","false","true","12","3","1425636217928","S Joyce & 16th St S (31091)"
"344","353","Union Market/6th St & Neal Pl NE","31517","1425661851323","38.908008","-76.996985","true","false","0","","false","true","10","13","1425661851323","Union Market/6th St & Neal Pl NE (31517)"
"345","354","N Nelson St & Lee Hwy","31092","1425662954104","38.895929","-77.105246","true","false","0","","false","true","9","5","1425662954104","N Nelson St & Lee Hwy (31092)"
"346","355","21st St N & N Pierce St","31093","1425636082863","38.898984","-77.078317","true","false","0","","false","true","7","8","1425636082863","21st St N & N Pierce St (31093)"
"347","356","Lee Hwy & N Kirkwood Rd","31094","1425651469169","38.895377","-77.09713","true","false","0","","false","true","11","4","1425651469169","Lee Hwy & N Kirkwood Rd (31094)"
